	
Berlin	Berlin	Beerlijne
Danmark	Dánmárku	Danmarhke
Engerdal	Engerdal	Eengerdaelie
Finland	Finland	Såevmie
Finland	Suopma	Såevmie
Nordland	Nordland	Nordlaante
Røros	Røros	Plassje
Sametinget	Sametinget	Saemiedigkie
Sametinget	Sámediggi	Saemiedigkie
Stockholm	Stockholm	Stuehkie
Sverige	Sverige	Sveerje
Tromsdalen	Sálašvággi	Trompenvuemie
Umeå	Ubmi	Upmeje
adjektiv	adjektiiva	adjektijve
administrasjon	hálddahus	reereme
adresse	čujuhus	årromesijjie
advarsel	várrehus	væhta
agn	seakti	daalhkesh
agn	seakti	sieptie
ahkemearri	ahkemearri	jaepieraaste
akebrett	čieran	gierehtsepleahtjoe
akkusativ	akkusatiiva	akkusatijve
aksept	dohkkeheapmi	jååhkesjimmie
alder	ahki	aaltere
alderspensjon	boarrásiidpenšuvdna	voeresbeetnegh
allianse	lihttu	latjkoe
alter	áltár	aalhtere
alternativ	molssaeaktu	alternatijve
alvorlig	duođalaččat	aalvere
and	čáhceloddi	tjååtsele
andel	ossodat	goevtese
andel	ossodat	vuerpie
angel	vuogga	håagke
angel	vuogga	sluvke
anker	áŋkor	aanghkere
anledning	dilálašvuohta	nuepie
anledning	dilálašvuohta	tsiehkie
anmeldelse	árvvoštallan	laejhteme
anmeldelse	árvvoštallan	vierhtiedimmie
ansikt	muođut	ååredæjja
ansikt	ámadadju	ååredæjja
ansvar	ovddasvástádus	dïedte
appelsin	appelsiidna	appelsijne
april	cuoŋománnu	voerhtje
arbeid	bargu	barkoe
arbeidsgruppe	bargojoavku	barkoedåehkie
arbeidsområde	bargoviidodat	barkoedajve
arbeidsplan	bargoplána	barkoesoejkesje
arbeidsplass	bargosadji	barkoesijjie
arbeidssted	bargobáiki	barkoesijjie
areal	areála	goelpeneståaroe
areal	viidodat	goelpeneståaroe
ark	árka	latjkoe
armbånd	giehtabáddi	gïeteværjoe
armhule	gieđavuolli	gaejnjele
art	čearda	aarhte
artikkel	artihkal	artihkele
arv	árbi	aerpie
aske	gutna	govne
assisteanta	assisteanta	viehkie
august	borgemánnu	mïetske
aure	dápmot	dååpmehke
aust	nuorta	luvlie
avdød	rohkki	åemehke
avdød	rohkki	åemie
avis	aviisa	plaerie
avis	áviisa	plaerie
avskjed	earru	juakadimmie
avslutning	loahpaheapmi	galhkuve
avsnitt	teakstabihttá	boelhke
avtale	soahpamuš	latjkoe
avtale	šiehtadus	latjkoe
bad	basadanlatnja	laavkoe
bad	báda	laavkoe
baderom	lávgunlatnja	laavkometjïehtjele
bagadalli	bagadalli	konsuleente
bak	bahta	ravve
bak	maŋábealle	bahte
bak	čurti	ravve
bakke	oalul	gaejpie
bakke	vielti	baahkoe
bakke	vielti	bahke
bakku	bakku	brorke
ball	spábba	raavra
band	čanastat	baadtehtahke
band	čanastat	baante
bank	báŋku	baanghke
bargi	bargi	barkije
bark	bárku	baarhkoe
barmark	bievla	bïevle
barn	mánná	maana
barndom	mánnávuohta	maanabaelie
barnehage	mánáidgárdi	maanagïerte
barnehageloven	mánáidgárdeláhka	maanagïertelaake
barneomsorg	mánnáfuolaheapmi	maanasåjhtoe
barnevern	mánáidsuodjalus	maanavaarjelimmie
barre	bárra	paarre
befatning	dahkamuš	laavenjasse
begynnelse	álgu	aalkoe
begynnelse	álgu	aalkove
behandling	dikšun	gïetedalleme
behandling	dálkkodeapmi	gïetedalleme
behov	dárbbaš	daerpiesvoete
beite	ealáhat	gåatome
beite	guohtun	gåatome
beite	láiddon	gåatome
beiteland	guohtoneana	gåatomelaante
beiteland	guohtuneana	gåatomelaante
beiteland	láidon	gåatomelaante
bekk	jogaš	johke
bekk	johka	johke
bekreftelse	duođaštus	jååhkesjimmie
belte	boagán	beelhte
benk	beaŋka	bïenghke
bensin	bensiidna	bensijne
berg	bákti	bïerje
besittelse	háldu	ritneme
beskyttelse	suddjen	åelie
beskyttelse	suodjalus	åelie
bestefar	áddjá	aajja
bestemor	áhkku	aahka
bestikk	boradanneavvu	dïrrege
besvær	váivi	barkoestradtje
besvær	váivi	haerhpie
betaling	bálká	baalhka
betaling	bálká	maaksoe
betaling	máksu	maaksoe
betingelse	eaktu	moenemetsiehkie
betydning	mearkkašupmi	ulmie
bever	mádjit	vedtneme
bever	mádjit	vetneme
bibliotek	bibliotehka	gærjagåetie
bibliotek	girjerádju	gærjagåetie
bibliotek	girjerájus	gærjagåetie
bil	biila	bïjle
bilbutikk	biilagávpi	bïjlebovre
bilde	govva	guvvie
bille	gobba	rïevtege
billett	bileahtta	leahpa
bissu	bissu	röövre
bisánanbáiki	bisánanbáiki	tjöödtjestimmiesijjie
bivdi	bivdi	vijrije
bjørk	soahki	såekie
bjørn	guovža	beere
blad	bláđđi	plaerie
bladmage	čeaksa	tjaakse
blanding	seaguhus	plaantege
blikk	geahčastat	gaehkie
blindtarm	obbalággá	gåamalohke
blod	varra	maelie
blodklubb	gumppus	gaamsoe
blomst	lieđđi	plåamstere
blyant	bliánta	plæjjohke
blåbær	sarrit	sirrie
bløtkake	lákcagáhkku	gïhpelaejpie
boazodoalli	boazodoalli	båatsoealmetje
bok	girji	gærja
bok	girji	prievie
bolig	ásodat	veasoe
bomull	bupmol	bommulle
bonde	boanda	båanta
boplass	orohat	sïjte
boplass	orohat	veasoe
boplass	orohat	veasomesijjie
bord	beavdi	buertie
bordduk	beavdeliidni	dealoe
bordkniv	beavdeniibi	jonnge
bosted	orrunbáiki	årromesijjie
bosted	ássanbáiki	årromesijjie
bregne	gáiski	gaajsege
brev	breava	prievie
brev	reive	prievie
briller	čalbmeláset	klaasetjelmieh
bringe	mielga	mïelke
bringebær	lávet	tsietsehthmuerjie
bror	viellja	vïelle
bru	šaldi	pruvvie
brudebilde	náittosgovva	hïejeguvvie
brudekrone	ruvda	kråvnoe
bruk	atnu	pråvhkoe
bruk	geavaheapmi	pråvhkoe
bruk	geavahus	pråvhkoe
brus	bruvsa	såake
bryst	raddi	boenge
bryst	raddi	mïelke
bråk	stuibmi	stujmie
brød	láibi	gaahkoe
brød	láibi	laejpie
brødre	vieljažagat	vïelletjh
brødskive	láibevajahas	gaahkoesnaejrie
brønn	gáivo	prutnie
bud	báhkkon	båvroe
budsjett	budjeahtta	budsjedte
budsjett	bušeahtta	budsjehte
bue	dávgi	gåevie
rein	boazu	bovtse
bukse	buvssat	måvhka
bukse	olgguldasbuvssat	bæjngoehmåvhkah
buksebein	buksa	njïetsege
bukt	gohppi	skohtje
bukt	luokta	loekte
bukt	mohkki	gaave
bukt	mohkki	ierie
bukt	mohkki	latjka
bukt	mohkki	loekte
bringe	mielga	mïelke
buljong	liepma	lïeme
bunn	vuođđu	betnie
bunn	vuođđu	eabnoe
bunn	vuođđu	våarome
bunt	gihppu	tjomhpe
burru	burru	vuaksa
busk	miestta	båskoe
buskap	gussaeallu	buvvie
buss	bussa	busse
busse	busse	voessetje
bussá	bussá	gaahtoe
butikk	buvda	bovre
butikk	rámbuvra	bovre
butikk	rámbuvri	bovre
by	gávpot	sjeltie
by	gávpot	staare
bygd	gilli	byjje
bygg	huksehus	bigkie
bygging	huksen	tseegkeme
bytte	sálaš	saalehte
báhtareaddji	báhtareaddji	baataræjja
báhčči	báhčči	vijrije
bálvaleaddji	bálvaleaddji	deanere
bálvaleaddji	bálvaleaddji	gaagkije
barn	bárdni	baernie
bål	dolla	dålle
bålplass	árrangáddi	dållesijjie
bånd	čanas	baadtehtahke
båt	fanas	vïnhtse
bær	muorji	muerjie
bølge	bárru	baaroe
bønn	rohkos	rohkelasse
bør	noađđi	maajsoe
bøtte	skállu	bæhtoe
bøy	hállan	boelte
bøy	hállan	syjje
campingplass	gohttensadji	gööthjerkie
dag	beaivi	biejjie
dagbok	beaivegirji	biejjiegærja
dam	láttu	tjonne
damp	lievla	goeve
dampbad	sávdni	åavtoe
database	diehtovuođđu	daatabaase
dato	dáhton	daatoe
debatt	digaštallan	digkiedimmie
deig	dáigi	daajje
dekke	govččas	gaptjese
del	bealli	bielie
del	oassi	boelhke
del	oassi	vuerpie
delegasjon	delegašuvdna	delegasjovne
delegasjon	sáttagoddi	delegasjovne
demokrati	demokratiija	demokratije
departement	departemeanta	departemeente
desember	juovlamánnu	goeve
dialog	dialoga	gaskestalleme
dikt	dikta	tjihtese
direktør	direktevra	direktööre
dyr	ealli	dyjre
djevel	beargalat	bahha
djupål	oalli	minngiebielie
do	hivsset	ohtjegåetie
stötte	doarjja	doedtije
dogg	suoldni	såavla
dokument	dokumeanta	låhkoe
dom	duopmu	dåapmoe
domstol	duopmostuollu	dåapmoestovle
dongeribukse	doŋgeribuvssat	båantanmåvhka
drama	drámá	draama
dramaserie	dramaserie	dramaserie
dreng	reaŋga	trïengke
drikk	juhkamuš	jovkemes
dronning	dronnet	trööhnege
drøm	niehku	nahkere
dugg	laksi	jyjsege
dugg	laksi	suelnie
dukke	dohkká	dåahka
dun	uvja	aegkie
dunhår	uvjaguolga	aegkiegoelke
dusk	diehppi	duahpa
dvergbjørk	skierri	skierrie
dyr	divri	tjoejhke
dárju	dárju	hoksehtæjja
dåp	gásta	laavkome
døden	jápmin	jaemede
døgn	jándor	dygne
dør	uksa	okse
e-mail	e-mail	e-påaste
e-post	e-boasta	e-påaste
e-post	e-poasta	e-påaste
eadnebealle	eadnebealle	ietnie
eanadoalli	eanadoalli	laanteburrie
edderkopp	heavdni	hievnie
egg	manni	aavtjoe
egg	manni	munnie
egg	monni	munnie
eiendel	dávvir	aate
eiendel	oapmi	eege
eiendel	oapmi	kluhtere
eiendom	opmodat	eege
eiendom	opmodat	jeeluve
eier	eaiggát	aajhtere
einer	gaskkas	gasngese
eksamen	dutkkus	eksaamene
eksamen	eksámen	eksaamene
ekteskap	náittosdilli	ektievoete
elativ	elatiiva	elatijve
elektrisitet	elrávdnji	njuvvie
elektronikk	elektronihkka	elektronihke
elg	ealga	jollejuelkie
elg	ealga	sarva
elgvald	ealgavála	sarvedajve
elvebredd	johkagáddi	johkebeala
elvemunning	joganjálbmi	johkenjaelmie
elveos	oaivvuš	luspie
emne	ávnnas	aamhtese
ende	geahči	gietjie
endring	rievdadeapmi	jorkestimmie
endring	rievdadus	jorkestimmie
enebarn	áinnut	aajnehke
energi	árja	vaajnoe
eng	gieddi	ïentje
engel	eŋgel	eengkele
enhet	ovttadat	ektievoete
enke	leaska	aarpije
epidemi	rohttu	sohte
erfaring	vásihus	dååjrehtimmie
erklæring	julggaštus	bæjhkoehtimmie
eske	skáhppu	aeskie
essiv	essiiva	essijve
ettermiddag	maŋŋelgaskabeaivi	iehkedsbiejjie
ettermiddag	maŋŋágaskabeaivi	iehkedsbiejjie
evangelium	evangelium	vaentjele
eventyr	máinnas	heamture
evighet	agálašvuohta	ihkuve
evne	nákca	faamoe
fabrihkkabargi	fabrihkkabargi	fabrihkebarkije
fadder	fáttar	faadtere
fag	fága	faage
fagområde	fágaduovdda	faagesuerkie
fakkel	spáiddar	govkije
falk	gálga	haepkie
familie	bearaš	fuelhkie
fanden	feanda	bahha
fang	aski	eskie
fang	salla	eskie
fang	salla	faerhmie
far	áhčči	aehtjie
farao	farao	farao
farge	ivdni	klaerie
farin	fariidna	dïjnehke
fase	ceahkki	daltese
fase	ceahkki	mierie
fat	gárri	feete
fat	gárri	lihtie
feber	feber	vaejlie
februar	guovvamánnu	goevte
feil	boasttuvuohta	fiejlie
feil	meattáhus	båajhtede
feil	vihki	båajhtede
feiring	ávvudeapmi	heevehtimmie
feiring	ávvudoalut	heevehtimmie
felle	gillár	barta
fengsel	giddagas	geeremegåetie
ferie	luopmu	eejehtalleme
fetter	vilba	aajkoelaevie
fetter	vilbealle	aajkoelaevie
fidnooahppi	fidnooahppi	learohke
fiellu	fiellu	fealloe
fiendtlig	vašálaš	gertele
fil	fiila	fæjloe
film	filbma	jielemeguvvie
film	filbma	jielieguvvie
finger	suorbma	soerme
fisk	guolli	guelie
fiskebil	guollebiila	gueliebïjle
fiskefinne	veaksi	såelie
fiskegarn	fierbmi	viermie
fiskehode	guoleoaivi	naehkie
fiskekake	guollegáhkku	gueliegaahkoe
fiskekrok	guolleroahkki	håagke
fiskeskinn	čuopma	tjoeme
fiskeskjell	čuomas	skiblie
fiskesnøre	duorgu	sïejme
fiskespord	beahcet	bïrsje
fjell	várri	tjahke
fjellområde	duottarguovlu	vaerie
fjellrev	njálla	svaale
fjellrype	giron	gïerene
fjellside	várregilga	tjahkebaahkoe
fjellstue	duottarstohpu	vaerieståapoe
fjellsyre	eavru	jåamoe
fjellvåk	boaimmáš	båejme
fjær	dolgi	badtse
fjøs	návet	fievsie
flagg	flágga	saevege
flagg	leavga	saevege
flaggdag	leavgabeaivi	saevegebiejjie
flaske	bohtal	boehtele
flatbrød	gárpa	laejpie
flekk	dielku	daarhve
flertall	eanetlohku	gellientaale
flis	smáhkku	spaanese
flis	soađis	såara
flo	ulli	bïekere
flokk	eallu	dåehkie
flokk	joavku	dåehkie
flokk	joavku	fuelhkie
flokk	joavku	laage
flom	dulvi	dulvie
flue	čurot	boerege
flue	čuru	tjoere
flyktning	báđar	baataræjja
flyplass	girdišillju	girtiesijjie
flytting	johtin	johtelohke
flytting	sirdin	johtelohke
flåte	lahtta	pluahta
fløte	lákca	gïhpe
fogd	fáldi	fåvhta
fokk	borga	gåaltoe
folk	álbmot	aalmoge
forandring	nuppástus	jeatjahtehteme
forbindelse	oktavuohta	gaskese
forbindelse	ovttastus	gaskese
fordel	ovdamunni	aevhkie
forelder	váhnen	eejtegh
foreldremøte	váhnenčoahkkin	eejhteghtjåanghkoe
forelesning	logaldallan	buerkiestimmie
forende	ovdageahči	åvtegietjie
forening	searvi	sïelske
forestilling	jáhkku	vuesiehtimmie
forestilling	čájálmas	vuesiehtimmie
forkjølelse	nuorvu	sovhte
forklaring	čielggadus	boejhkehtasse
forklaring	čilgehus	boejhkehtasse
forklaring	čilgen	boejhkehtasse
forkorting	oanádus	åeniedimmie
forlag	lágádus	berteme
forlenger	joatkka	jåarhke
form	hápmi	guelmie
form	hápmi	haamoe
form	hápmi	haemie
formaning	ráva	boejhkehtasse
format	sturrodat	ståaroe
formgiver	giehtačeahppi	hammoedæjja
formiddag	ovdalgaskabeaivi	aeredsbiejjie
forseelse	rihkus	meadtoe
forskjell	erohus	joekehtse
forslag	evttohus	uvtelasse
forstand	jierbmi	jiermie
forståelse	ipmárdus	goerkelimmie
fortelling	muitalus	gåata
fortjeneste	dienas	dïeneste
fortjeneste	ánsu	dïeneste
forvaltning	hálddašeapmi	reereme
forvaltningsområde	hálddašanguovlu	reeremedajve
foss	gorži	fuersjie
foster	ohki	jiemie
fot	juolgi	juelkie
fot	juolgi	rïekte
fotball	čiekčanspábba	juelkietjengkere
framfot	ovdajuolgi	åvtesjuelkie
framgangsmåte	vuogádat	systeeme
fred	ráfi	frïere
fredag	bearjadat	bearjadahke
fredagskveld	bearjadateahket	bearjedsiehkede
fregne	čáihni	moeretsöölhke
fremmedspråk	amasgiella	ammesgïele
fremmedspråk	vierrogiella	ammesgïele
frieri	soagŋu	såangoe
friminutt	friddjaminuhtta	lïegkese
frokost	iđitborramuš	aeredsbeapmoe
frosk	cuoppu	tsååbpe
frostrøyk	rusta	goeve
fryseboks	galmmihanbumbá	gilmehtahke
fugl	loddi	ledtie
fullmakt	váldi	stilleme
furu	beahci	bietsie
fylke	fylka	fylhke
fylkeskommune	fylkkagielda	fylhketjïelte
fylkeskommune	fylkkasuohkan	fylhketjïelte
fylkesmann	fylkkamánni	fylhkemaennie
fylkesting	fylkkadiggi	fylhkedigkie
fyrstikk	riššasággi	fæjroe
fálli	fálli	haepkie
fødsel	riegádeapmi	baersieldimmie
fødselsdag	riegádanbeaivi	reakadimmiebiejjie
følelse	dovdu	domtese
følelse	dovdu	dååjrehtimmie
følge	fárru	faaroe
føre	siivu	daelhkie
førskole	ovdaskuvla	aarhskuvle
førstespråk	vuosttašgiella	ietniengïele
gaffel	gáffal	tjåagkoe
gamling	boaran	voerese
gamme	goahti	gåetie
gang	geardi	aejkie
garn	láigi	laejkie
garraduodji	garraduodji	vytnesjimmie
garrudeapmi	garrudeapmi	gærroedimmie
gate	gáhta	gaatene
gaupe	albbas	råate
gave	attáldat	daevere
gave	skeaŋka	daevere
geahčči	geahčči	vuartasjæjja
geit	gáica	gaajhtse
genser	buser	abpese
gerundium	gerunda	gerundijume
gevir	čoarvvuš	aevsie
geværpatron	ládda	vaeknie
gielddakantuvra	gielddakantuvra	tjïeltekontovre
gift	mirko	daalhkesh
gips	gipsa	jipse
girdi	girdi	girtie
girjebusse	girjebusse	gærjabusse
gitar	gitárra	gitaare
gjeld	vealgi	laajkoe
gjeldsimle	rotnu	råtnoe
gjerde	áidi	haakene
gjestebud	heajat	hïeje
gjær	jeasta	jeestere
gjøk	giehka	gïeke
glass	láse	klaase
glass	lássa	klaase
glede	illu	aavoe
glidelås	rohttenlohkka	kråankelaesie
glo	hilla	sjïjle
gnist	čuonan	naestie
goarru	goarru	skreadtere
goddin	goddin	buvveme
gode	buorri	buerie
golli	golli	gullie
golv	láhtti	guelpie
gomme	guopmi	guemie
grad	gráda	mierie
gram	grámma	gramme
grammatikk	grammatihkka	grammatihke
gran	guossa	goese
gras	suoidni	kraesie
gras	suoidni	suejnie
grav	hávdi	groepte
gravemaskin	goaivunmašiidna	kroehkemasjijne
grene	rátnu	jievege
grene	rátnu	kraana
grense	rádji	krïense
grense	rádjá	krïense
grenseområde	rádjaguovlu	raastege
grime	bággi	baegkie
grind	ridda	okse
gris	spiidni	snurke
grop	roggi	haevtie
grovbrød	roavvaláibi	kruepieslaejpie
grunn	sivva	eabnoe
grunn	sivva	gaevhtie
grunne	coagan	tsåekie
grunne	njuorra	tsåekie
grunnskole	vuođđoskuvla	maadthskuvle
gryte	báhti	baetie
gryte	ruitu	baetie
grønnsak	ruonas	kroenesaate
grøt	buvru	kraavhtse
gud	ipmil	jupmele
gudfar	ristáhčči	krist’aehtjie
gudmor	risteadni	krist’ietnie
gudstjeneste	ipmilbálvalus	gyrhkesjimmie
gullmedalje	gollemedállja	gullievæhta
gummistøvel	gummestevvel	aalohke
guoddi	guoddi	guedtije
guolásteaddji	guolásteaddji	göölije
guossi	guossi	guessie
guođoheaddji	guođoheaddji	reajnoemaennie
gutt	bárdni	baahtje
gutt	bárdni	baernie
gutt	gánda	påajke
gymnastikk	lášmmohallan	vïtnedimmie
gyting	gođđan	gårroe
gávnnus	gávnnus	vueptie
gård	dállu	gaertene
gård	dállu	gåetie
gårdsplass	šillju	gåetiesjalja
gås	čuonjá	gaase
gåte	árvádus	mojnestimmie
hage	gilvvagárdi	haakene
hagl	čuorpmas	tjuengele
hake	gáibi	gaejpie
hake	gáibi	skiehrie
hakk	ceahkis	tsiehkie
hale	seaibi	siejpie
hals	čeabet	tjeapohke
halv	bealle	bielie
halvdel	lahkki	bielie
hammer	veažir	vietjere
hand	giehta	gïete
handleliste	gávppašanlistu	åesiestimmielæstoe
hank	háŋka	tjegkie
hannhund	rávjá	deere
hare	njoammil	njåemele
harr	soavvil	haerrie
hat	vašši	aassjoe
hatt	háhtta	gajpe
haug	dievvá	deava
hav	mearra	mearoe
hegg	duopma	foeme
heim	ruoktu	gåetie
helg	vahkkoloahppa	hïelje
helg	vahkkoloahppa	våhkoegietjie
helhet	ollislašvuohta	elliesvoete
helikopter	helikopter	haepkie
hellig	bassi	bissiebiejjie
helse	dearvvašvuohta	healsoe
hempe	fárfu	latjka
hensikt	áigga	aajkoe
herre	hearrá	hearre
hest	heasta	hierkie
hi	biedju	gaavmoe
himmel	albmi	elmie
hindring	hehttehus	dåeriesmoere
historie	historjá	vaajese
hjelp	veahkki	viehkie
hjelpemiddel	veahkkegaskaoapmi	viehkievierhtie
hjelpemiddel	veahkkeneavvu	viehkievierhtie
hjemmearbeid	ruovttubargu	gåetiebarkoe
hjerte	váibmu	vaajmoe
hjørne	čiehka	gaave
hjørne	čiehka	kråane
hjørnetann	čiehkabátni	skaavhtebaenie
hode	oaivi	åejjie
honning	honnet	håannege
honning	miehta	hååneske
horn	čoarvi	tjåervie
hoste	gosahat	gossehts
hotealla	hotealla	hotelle
hoveddel	váldooassi	åejvieboelhke
hovedmål	váldoulbmil	åejvietsiehkie
hubro	lidnu	jïhpe
hud	liiki	njaltje
hull	ráigi	haevtie
humør	mokta	bïevsterh
hund	beana	bïenje
hundre	čuohti	stoereluhkie
hus	viessu	gåetie
hus	visti	guelmie
hus	visti	gåetie
husarbeid	viessobargu	gåetiebarkoe
husbond	isit	gaalla
husdyr	šibit	buvvie
husdyr	šibit	kreeke
husmor	dálueamit	gåetieietnie
husstand	dállodoallu	fuelhkie
hustak	gáhttu	tæhtjoe
hustru	eamit	geellege
hustru	áhkká	aahka
hvalp	vielppis	skoerhtje
hverdag	árgabeaivi	aarke
hvetemel	nisojáffu	veetejaavvoeh
hylle	hildu	hælloe
hytte	barta	hahtjoe
hárri	hárri	haerrie
håndarbeid	duodji	vytnesjimmie
håndarbeid	giehtaduodji	vytnesjimmie
håndskrift	giehtačála	tjaeleme
håp	doaivu	håhkoe
håp	doaivva	håhkoe
hår	vuokta	voepte
hæl	šušmi	båetskie
høgskole	allaskuvla	jïlleskuvle
høne	vuonccis	deere
høne	vuonccis	vöönhtse
høst	čakča	tjaktje
høvel	heavval	rehkere
høyde	aláš	bæjjaldahke
identitet	identitehta	identiteete
idé	fáddá	aamhtese
idé	idea	soejkesje
illativ	illatiiva	illatijve
inessiv	inessiiva	inessijve
informasjon	diehtojuohkin	bïevnese
informasjon	informašuvdna	bïevnese
inngiftet_onkel	máhka	maaketje
innhold	sisdoallu	sisvege
innlegg	sáhkavuorru	lahtese
innlegg	sáhkavuorru	lahtestimmie
innlegg	sátnevuorru	lahtese
innrømmelse	dovddastus	byjhkesjimmie
innsjø	jávri	jaevrie
inspirasjon	inspirašuvdna	skreejrehtimmie
institusjon	institušuvdna	institusjovne
internat	internáhtta	internaate
internett	interneahtta	gaskeviermie
intervall	áigodat	boelhke
intervall	áigodat	gohkedæjja
intervju	jearahallan	byjrehtimmie
intervju	jearahallan	goerehtallemebarkoe
is	jiekŋa	jïenge
isbre	jiehkki	dielhtie
iskrem	lákcajiekŋa	tjaste
iver	áŋgirvuohta	vaajnoe
år	jahkii	jaepie
jakke	jáhkka	tråajja
jakt	bivdu	væjroe
jamnhøyde	dássi	daltese
januar	ođđajagemánnu	garretsïengele
jente	nieida	daktere
jente	nieida	nïejte
jern	ruovdi	ruevtie
jerv	geatki	gierhkie
joiking	juoigan	joejkeme
jord	eana	deava
jord	eana	eaka
jord	eana	eatneme
jord	eana	jåarta
jord	eana	ïentje
jođiheaddji	jođiheaddji	åajvaladtje
jul	juovllat	jåvle
julaften	juovlaruohtta	stroehte
juledag	juovlabeaivi	jåvlebiejjie
juleferie	juovlaluopmu	jåvle-eejehtalleme
julegave	juovlaskeaŋka	jåvlevadtese
julekort	juovlakoarta	jåvlekåarhte
julenisse	juovlastállu	jåvleaajja
julesang	juovlalávlla	jåvlelaavloe
juletre	juovlamuorra	jåvlemoere
juli	suoidnemánnu	snjaltje
juni	geassemánnu	ruffie
jur	ruoksi	eskie
juvddálaš	juvddálaš	juvde
jábmi	jábmi	gaalne
jábmi	jábmi	jaame
jáffu	jáffu	jaavvoeh
kaffe	gáffe	kaaffe
kaffe	káffe	kaaffe
kaffebønner	gáfet	prïhtjegh
kaffekjele	gáfegievdni	prïhtjhgiebnie
kaffepose	gáfeseahkka	prïhtjhvoesse
kafé	kafea	prïhtjhgåetie
kafé	kaféa	prïhtjhgåetie
kagge	gágga	geegke
kake	gáhkku	gaahkoe
kall	gállis	geelle
kalv	gálbi	gaelpie
kalvingsland	guotteteana	suehpedslaante
kalvingstid	guottetáigi	baevtieguedteme
kalvingstid	guottetáigi	guedtede
kam	čohkun	gaampe
kamela	kamela	kameele
kamerat	guoibmi	guejmie
kamerat	guoibmi	gåetehke
kamerat	verdde	båanta
kamerat	verdde	guejmie
kaniidna	kaniidna	njåemele
kant	borri	aesie
kant	ravda	haerie
kapittel	kapihtal	kapïhtele
kaptein	kapteaidna	kapteene
kart	gárta	baetjkere
kart	kárta	baetjkere
kilde	gáldu	aajege
kilde	ája	aajege
kilo	kilo	tjahta
kilometer	kilomehter	kilomeetere
kinn	muohtu	searome
kirke	girku	gærhkoe
kirke	kirku	gærhkoe
kirkested	márkanbáiki	sjeltie
kiste	bumbá	gæstoe
kiste	gistu	gæstoe
kjelke	gielká	tjïelhke
kjeller	geallir	tjeallere
kjeltring	skealbma	skïedtje
kjevle	gealva	skråavva
kjole	čuvla	gåpta
kjæreste	irgi	provkome
kjæreste	irgi	såångedæjja
kjæreste	moarsi	mïelehke
kjæreste	moarsi	provrese
kjærlighet	ráhkesvuohta	gieriesvoete
kjærlighet	ráhkisvuohta	gieriesvoete
kjærlighetssorg	ráhkisvuođamoraš	gieriesvaejvie
kjøkken	gievkkan	tjööke
kjøl	gielas	mïelkese
kjøleskap	galbmaskábe	jueskiedahke
kjølig_vær	gállu	gaalloe
kjølig_vær	gállu	svaaloe
kjøpmann	giehmánni	åesiestæjja
kjørel	lihtti	kaarre
kjørel	lihtti	lihtie
kjøring	vuodjin	vuejeme
kjøtt	biergu	bearkoe
kjøtt	oažži	bearkoe
kjøtt	oažži	åedtjie
kjøttgryte	biergogievdni	bearkoekrovhte
kjøttkake	biergogáhkku	bearkoegaamsoe
kjøttmeis	buoidegaccet	buejtietsöötsege
kjøttstykke	biergobihttá	åesie
kjøttsuppe	biergomális	bearkoejoptse
klage	moaitta	laejhteme
klage	váidalus	laejhteme
klang	šuokŋa	tjoeje
klasse	luohkká	bahke
klasse	luohkká	klaasse
klesplagg	bivttas	gaarvoe
klesplagg	gárvu	gaarvoe
klippfisk	goikeguolli	gejhkieguelie
klokskap	viisodat	væjsehkevoete
klubb	klubba	gaamsoe
klut	sihkaldat	njaamelijnie
kløvsal	spagát	svæhka
knapp	boallu	balhka
kne	čibbi	boelve
knekkebrød	garraláibi	garrelaejpie
kniv	niibi	nejpie
knivspiss	niibenjunni	nejpiennjuenie
knivstål	niibestálli	nejpiestaelie
knopp	urbi	skuehtie
knopp	urbi	urpie
knute	čuolbma	tjoelme
kobber	veaiki	kåahpere
kofte	gákti	gaeptie
kokk	goahkka	jurjiehtæjja
kokt_mat	mális	joptse
komag	čázet	baarhkohke
komiserie	komiserie	komiserie
komitativ	komitatiiva	komitatijve
komite	lávdegoddi	dåehkie
komma	rihkku	straanjeldh
kommentar	mearkkašeapmi	lahtestimmie
kommisjon	kommišuvdna	kommisjovne
kommune	gielda	tjïelte
kommune	suohkan	tjïelte
kompetanse	gelbbolašvuohta	maahtoe
komse	gietkka	gierhkeme
komse	gietkka	gïerhkeme
konferanse	konferánsa	konferaanse
konfirmasjon	konfirmašuvdna	skylleme
konge	gonagas	gånka
kongle	bihcebáhce	baahtsege
konklusjon	konklušuvdna	konklusjovne
konkurranse	gilvu	gaahtjeme
konkurranse	gilvu	gæmhpome
konkurranse	gilvvohallan	gaahtjeme
konsonant	konsonánta	konsonaante
konsulent	konsuleanta	konsuleente
konsultasjon	konsultašuvdna	konsultasjovne
kontor	kantuvra	kontovre
kontroll	dárkkástus	gïehtjedimmie
konvensjon	konvenšuvdna	konvensjovne
kopp	gohppu	aeskie
kork	gorka	dåmhpa
korn	gordni	gernie
kort	goarta	kåarhte
kort	koarta	kåarhte
krangel	nággu	dåaroe
krangel	nággu	tsælloe
krekling	čáhppesmuorji	krijke
krig	soahti	dåara
kritikk	kritihkka	laejhteme
krok	faggi	tsegkie
krok	roahkki	kruehkie
krok	roahkki	kråane
krone	kruvdnu	daale
krone	ruvdno	daale
krone	ruvdno	kråvna
krone	ruvdnu	kråvna
krumming	moalki	gåevie
krumning	sodji	sojjedimmie
krumning	sodji	syjje
kråke	garjá	voerhtje
ku	gussa	govse
kubbe	čulku	galte
kulde	buolaš	jueskie
kuling	riđđu	fropmehke
kultur	kultuvra	kultuvre
kulturaktivitet	kulturdoaibma	kultuvredarjome
kulturarv	kulturárbi	kultuvreaerpie
kulturråd	kulturráđđi	kultuvreraerie
kunnskap	diehtu	bïevnese
kunnskap	diehtu	daajroe
kunnskap	diehtu	dïjre
kunnskap	dáidu	goerkesh
kunnskap	máhttu	maahtoe
kunnskap	oahppa	daajroe
kunnskap	oahppu	learoe
kunst	dáidda	kåanste
kunst	goansta	kåanste
kurs	gursa	kuvsje
kurs	kursa	kuvsje
kvann	boska	faatnoe
kvarter	kvárta	goerhte
kveite	bálddis	kvæjta
kveld	eahket	iehkede
kvern	feardna	goerne
kvige	guigu	skåaknge
kvinne	nissonolmmoš	nyjsene
kvinne	nisu	nyjsene
kvinnebryst	čižži	njamma
kyss	cummá	tjuvlie
kyst	riddu	gaedtie
kontorarbeid	kánttorbargu	kontovrebarkoe
kontorarbeid	kántorbargu	kontovrebarkoe
kål	gálla	kåale
lake	njáhká	njaaka
laks	luossa	loese
lam	láppis	laemies
lampe	lámpá	tjoevke
langfinger	gaskasuorbma	jijtjesoerme
lapp	duokŋas	doengese
larve	suoksa	soekse
lass	guorbmi	laessie
lasso	suohpan	soehpenje
lastebil	guorbmebiila	leessemebïjle
latter	reaškkas	föörhkelh
lav	vuollegaš	burhvie
lerret	learret	leerehte
ledd	lađas	lïhtse
leder	hoavda	åajvaladtje
leder	hoavda	åvtehke
ledsager	ofelaš	tsïegle
lege	doavttir	davvoje
lege	doavttir	dåaktere
legeme	rumaš	kråahpe
leie	láigu	leejjedh
leilighet	lanjadat	baelie
lek	stoahka	stååkedimmie
leke	stoagus	gaevnie
lekse	leaksu	leaksoe
leksikon	leksikon	leksikovne
lemen	goddesáhpán	luemege
len	leatna	leene
lengsel	háliidus	aejvere
lenke	leaŋka	svaalhtese
lensmann	leansmánni	lienhtsie
leppe	bavssa	bangseme
lerret	liidni	leerehte
lerret	liidni	tyjje
lesebok	lohkangirji	lohkemegærja
lesemåte	lohkanvuohki	lohkemevuekie
lever	vuoivvas	librie
lever	vuoivvas	mueksie
levesett	eallinvuohki	jielemevuekie
lidelse	gillámuš	vaejvie
lik	jámet	skugkie
lik	liika	gaalne
likestilling	dásseárvu	mïrrestalleme
likestilling	ovttadássásašvuohta	mïrrestalleme
lillebror	vieljaš	onnevïelle
lillefinger	čelččen	tjiehtjere
lillesøster	oappáš	onneåabpa
lim	liibma	njimkedahke
liste	lista	læstoe
liste	listu	læstoe
liten_gutt	bártnáš	baarnetje
liten_gutt	gánddaš	baarnetje
liter	lihtter	lijhtere
litteratur	girjjálašvuohta	litteratuvre
liv	eallin	hïegke
liv	eallin	stujmie
liv	heagga	hïegke
lodd	loadda	vuerpie
lodd	vuorbi	vuerpie
loft	lokta	lapte
lokativ	lokatiiva	lokatijve
lokk	lohkki	lohkije
lokk	lohkki	luehkie
lomme	lumma	låamma
losji	idjasadji	gåetieluhpie
lov	lága	laake
lov	láhka	laake
lov	láhka	njaaka
lovforslag	láhkaevttohus	laakeuvtelasse
lovforslag	láhkaárvalus	laakeuvtelasse
lue	gahpir	tjohpe
luft	áibmu	elmie
luftfilter	áibmofilttar	mueviedåastoje
lulesame	julevsápmi	julevsaemie
lureri	skelbmošeapmi	slovvestalleme
lyd	jietna	gïele
lyd	jietna	tjoeje
lykke	lihkku	aevhkie
lykke	lihkku	læhkoe
lyn	álddagas	gaskeme
lyng	daŋas	hïngse
lys	čuovga	tjoevke
lysning	čuovganeapmi	luejie
lyst	hállu	luste
láđđi	láđđi	tyjje
lån	loatna	lööneme
lår	čoarbbealli	ruaksja
låve	láhtu	liemme
lærebok	oahppogirji	learoegærja
læremiddel	oahpponeavvu	learoevierhtie
lærerutdanning	oahpaheaddjioahppu	lohkehtæjjaööhpehtimmie
læringsmiljø	oahppanbiras	lohkemevoenge
løfte	lohpádus	lutnjedh
løgn	gielis	slaarve
løk	lávki	lööke
løk	lávki	sïlle
lørdag	lávvardat	laavadahke
lørdag	lávvordat	laavadahke
løv	lasta	laave
løype	láhttu	gaasije
løypemage	doggi	gaasije
mage	čoavji	tjåejjie
mai	miessemánnu	maajje
makt	fápmu	faamoe
mandag	vuossárga	måanta
mandat	fápmudus	stilleme
mandat	mandáhta	stilleme
mann	almmái	alma
mann	almmáiolmmoš	alma
mann	dievdoolmmoš	alma
mann	dievdu	alma
mann	olmmái	alma
mann	olmmái	guejmie
mann	olmmái	voelpe
mann	olmmái	ålma
marg	ađa	jïrreme
marg_i_tre	váimmus	vååjmes
mark	máhtu	soekse
marked	márkan	sjeltie
markjordbær	meahcceeanamuorji	laantemuerjie
mars	njukčamánnu	njoktje
maskin	mašiidna	domhpe
mat	biebmu	beapmoe
mat	borramuš	beapmoe
medisin	dálkkas	daalhkesh
medlem	lahttu	lïhtsege
medlem	miellahttu	lïhtsege
medvind	miehtebiegga	mietiebïegke
melk	mielki	mielhkie
mellomrom	gaska	dajve
mellomrom	gaska	gaske
mellomrom	gaska	gåhkaldahke
mengde	earri	mierie
mengde	hivvodat	mierie
mening	oaivil	aarvoe
menneske	olmmoš	almetje
menneskerettighet	olmmošvuoigatvuohta	åålmehreakta
menstruasjon	mensa	asketruerie
merke	mearka	mïerhke
merke	mearka	væhta
mester	meašttir	ööhpehtæjja
meter	mehter	meetere
middag	gaskabeaivvit	gaskebiejjie
middag	mállásat	gaskebiejjie
midnatt	gaskaidja	gaskejïjje
midt_på_dagen	gaskabeaivi	gaskebiejjie
mielli	mielli	vïedtere
mil	miila	mïjle
mild	bivval	bïjvele
miljø	biras	byjrese
milt	dáđvi	daebrie
mindretall	unnitlohku	unnebelåhkoe
minne	muitu	mojhtese
minoritetspolitikk	unnitlogupolitihkka	unnebelåhkoepolitihke
minutt	minuhtta	minuhte
mistanke	várohus	sovme
mobbing	givssideapmi	tsælloe
mobiila	mobiila	mobïjle
mold	muolda	morhte
molte	luomi	laadtege
moltemyr	luomejeaggi	bïekere
mor	eadni	ietnie
mor	eadni	tjidtjie
morfologi	morfologiija	morfologije
morgen	iđit	aerede
morsmål	eatnigiella	ietniengïele
mot	duostilvuohta	ïedtje
motbakke	vuostálat	tjaavtese
motor	mohtor	motovre
motstand	vuosteháhku	vuastalimmie
mugg	guohpa	goehpe
muitaleaddji	muitaleaddji	soptsestæjja
mulighet	vejolašvuohta	hille
munn	njálbmi	njaelmie
muohtačalbmi	muohtačalbmi	heblie
mus	sáhpán	snjeara
museum	dávvirvuorká	våarhkoe
musikk	musihkka	musihke
muskel	deahkki	åedtjie
mygg	čuoika	tjoejhke
myr	jeaggi	pluevie
máhttájeaddji	máhttájeaddji	apåstele
máhttájeaddji	máhttájeaddji	learohke
málle	málle	goere
málle	málle	guelmie
mánnabiigá	mánnabiigá	maanageehtije
mátkkošteaddji	mátkkošteaddji	fealadæjja
mål	mearri	aamhtese
mål	mearri	mierie
mål	mihttu	aamhtese
mål	moalla	aamhtese
mål	moalla	daarhve
mål	ulbmil	aamhtese
mål	ulbmil	ulmie
målgruppe	ulbmiljoavku	ulmiedåehkie
målsetting	mihttomearri	ulmie
måltid	borran	maalese
måne	mánnu	aske
måned	mánotbadji	aske
måneskinn	mánoheahpi	askedibie
mår	neahti	maarhte
måte	láhki	vuekie
måte	vuohki	vuekie
mønster	minsttar	goere
møte	čoahkkin	gaavnedimmie
møte	čoahkkin	tjåanghkoe
møtebok	čoahkkingirji	buertiegærja
møtelokale	čoahkkinlatnja	tjåanghkoetjïehtjele
nabo	kránnjá	graanna
nabo	ránnjá	graanna
nabo	siidaguoibmi	graanna
nagle	návli	nuvvie
nakke	niski	tjovrese
nasjon	našuvdna	nasjovne
natt	idja	jïjje
navar	nábár	naapere
navle	náhpi	naepie
navn	namma	nomme
navnebror	gáibmi	neebne
negl	gazza	gadtse
nes	njárga	njaarke
nes	njárga	njuana
nese	njunni	njuenie
nettmage	čalmmas	tjalmese
niste	niesti	niestie
nistesekk	niestelávka	niestiesvoesse
njunuščiekči	njunuščiekči	snjuhtjie
njuovvi	njuovvi	leekedæjja
nominativ	nominatiiva	nominatijve
nord	davvi	noerhte
nordmann	dáčča	daaroe
nordmann	dáža	daaroe
nordsame	davvisápmi	noerhtesaemie
norsk_språk	dárogiella	daaroengïele
norsk_språk	dárru	daaroengïele
not	nuohtti	nuehtie
notat	čálus	tjaalege
november	skábmamánnu	gålkoe
november	skábmamánnu	rahka
nubbigiella	nubbigiella	mubpiengïele
nummer	nummar	nummere
nummer	nummir	nummere
nummer	nummár	nummere
ny	ođas	saernie
nynorsk	ođđadárogiella	orredaaroengïele
nyre	manin	tjiermie
nytte	gávdni	aevhkie
nytte	ávki	aevhkie
nyttår	ođđajahki	orrejaepie
nåde	árbmu	aarmoe
nål	nállu	naaloe
nærmiljø	lagasbiras	voenge
nød	heahti	neavroe
nøkkel	čoavdda	tjoevtenje
nøkkelord	čoavddadoaba	tsiehkiebaakoe
nøkkelord	čoavddasátni	tsiehkiebaakoe
nøste	nođđu	nårroe
nøyaktig	dárkil	veele
oaggunstággu	oaggunstággu	håagkstaavra
oahpaheaddji	oahpaheaddji	lohkehtæjja
oahpaheaddji	oahpaheaddji	ööhpehtæjja
lære	oahppa	leara
oahppan	oahppan	lïerehtimmie
oahppi	oahppi	learohke
oambealle	oambealle	åerpele
oarjjabealli	oarjjabealli	jillehtje
oarri	oarri	åeruve
oađđenlatnja	oađđenlatnja	åeremetjïehtjele
ohcci	ohcci	ohtsije
oktober	golggotmánnu	golke
oldefar	máttaráddjá	maadteraajja
oldemor	máttaráhkku	maadteraahka
older	leaibi	liejpie
olje	olju	ålja
område	duovdda	dajve
omslag	olggoš	jïele
omsorg	beroštupmi	hokse
omsorg	beroštupmi	ïedtje
omsorg	fuolaheapmi	hokse
omsorg	fuolla	hokse
onsdag	gaskavahkku	gaskevåhkoe
oppbevaring	rádju	raaja
oppfordring	ávžžuhus	haesteme
oppholdsvær	fiertu	buaradahke
opplysning	čuvgehus	bïevnese
opplæring	oahpaheapmi	ööhpehtimmie
opplæringsavdeling	oahpahusossodat	ööhpehtimmiegoevtese
opplæringsmål	oahpahusulbmil	ööhpehtimmievuepsie
opprinnelse	vuolgga	feeleme
oppsummering	čoahkkáigeassu	tjohkehtehteme
opptenningsved	buollahat	faadta
ord	sátni	baakoe
ordbilde	sátnegovva	baakoeguvvie
ordbok	sátnegirji	baakoegærja
ordforråd	sátneriggodat	baakoelåhkoe
ordforråd	sátnevuorká	baakoelåhkoe
ordklasse	sátneluohkká	baakoedåehkie
ordning	ásahus	institusjovne
ordning	ásahus	orgaane
ordning	ásahus	sjïehtedimmie
ordtak	sátnevájas	dïejvese
organ	orgána	orgaane
organisasjon	organisašuvdna	organisasjovne
orm	gearpmaš	gïermesje
ost	vuostá	vuasta
osteform	vuostálohkki	deajvoe
oter	čeavrris	tjeavra
ovdaskuvlaoahpaheaddji	ovdaskuvlaoahpaheaddji	aarhskuvlelohkehtæjja
overhode	oaivámuš	åejvie
overnattingssted	idjadansadji	jïjjegåårtese
overskrift	bajilčála	bijjiebaakoe
overtelne	badjereašmi	bijjierietjmie
ovn	oapman	vuebnie
ovttaláganvuohta	ovttaláganvuohta	plïere
pakke	páhkka	paahke
papir	bábir	paehpere
parkeringsplass	orustansadji	tjöödtjestimmiesijjie
parringstid	ragatáigi	rïhkedahke
parti	bellodat	krirrie
pedagogikk	pedagogihkka	pedagogihke
pekefinger	čuvdi	tjovtjehke
pelshår	guolga	goelke
pengepung	bursa	bongke
pengepung	ruhtabursa	bongke
penis	guoccat	boetje
penn	peanna	peanna
pennal	penála	peannagåetie
pepper	bihppor	pæhperh
periode	birrajohtu	gohkedæjja
perle	bearal	gierkie
person	persovdna	almetje
pesk	beaska	muadta
pil	njuolla	njoele
pinne	sággi	herrehke
pipe	biipu	bæjhpa
pisk	roaiská	svaatjkoe
plage	giksi	haerhpie
plage	väivi	haerhpie
plan	plána	soejkesje
plaster	loasttar	njimkedahke
pleie	dikšu	gïetedalleme
plen	šilljogieddi	kroenesaate
plenum	dievasčoahkkin	pleenume
politi	boles	polijse
politi	politiija	polijse
politi	politiija	pollise
politiker	politihkar	polijtikere
politiker	politihkkár	polijtikere
politikk	politihkka	politihke
posisjon	posišuvdna	posisjovne
post	boasta	påaste
post	poasta	påaste
potet	buđet	peara
potte	bohttu	sermie
predikant	sárdneolmmái	ööhpehtæjja
predikativ	predikatiiva	predikatijve
preken	sárdni	prïejhke
prest	báhppa	hearra
prikk	čuokkis	jorpedaasta
pris	bálkkašupmi	åasa
pris	haddi	åasa
problem	váttisvuohta	tsagkese
produkt	buvtta	dorjese
profet	profehta	profeete
program	prográmma	programme
proposisjon	proposišuvdna	proposisjovne
prosent	proseanta	proseente
prosjekt	prošeakta	prosjeekte
protokoll	beavdegirji	buertiegærja
protokoll	protokolla	buertiegærja
prøvelse	geahččalus	gïehtjelimmie
publikum	publikum	vuartasjæjja
pulk	geres	gierehtse
pupill	golláš	gaahka
pute	guoddá	nalhke
pynt	čikŋa	plijrehtahke
pynt	čikŋa	rïesege
pássa	pássa	klaejpie
påske	beassážat	påaske
påvirkning	váikkuheapmi	dïedte
pølse	márfi	goerve
radio	rádio	raadijove
rapport	raporta	reektehts
rasisme	rasisma	tjïertedibleme
ravn	gáranas	gaaranasse
reaksjon	reakšuvdna	båasarimmie
regel	njuolggadus	njoelkedasse
regi	bagadallan	bïhkedimmie
region	regiovdna	regijovne
regjering	ráđđehus	reerenasse
regn	arvi	ebrie
regnebok	rehketgirji	ryöknemegærja
regnvær	arvedálki	gaaloe
reim	garca	nåårese
rein	boazu	båatsoe
reinbeitedistrikt	biire	sïjte
reindrift	boazodoallu	båatsoe
reindriftslov	boazodoalloláhka	båatsoelaake
reindriftsregion	boazodoalloguovlu	båatsoedajve
reindriftssame	badjealmmái	båatsoesaemie
reindriftssame	badjesápmelaš	båatsoesaemie
reindriftssame	boazosápmelaš	båatsoesaemie
reindriftssame	boazosápmi	båatsoesaemie
reindriftsskole	boazodoalloskuvla	båatsoeburrieskuvle
reineier	boazoeaiggát	bovtsealmetje
reineier	boazoisit	bovtsealmetje
reingjerde	boazoáidi	gaertie
reingjeter	boazogoahkka	bovtsealmetje
reingjeter	boazogoahkka	reajnoealmetje
reinhund	boazobeana	båatsoebïenje
reinkalv	miessi	miesie
reinlav	jeagil	burhvie
reinlav	roancejeagil	burhvie
reinmerke	boazomearka	mïerhke
reinsbukk	sarvvis	råantja
reinskilling	rátkka	raarhkoe
reir	beassi	biesie
reir	beassi	biessie
reise	mátki	fealadimmie
rektor	rektor	rektore
rente	reantu	lissiemaaksoe
reparasjon	divvun	davvome
replikk	replihkka	lahtese
representant	áirras	saadthalmetje
ressurs	resursa	vierhtie
ressurssenter	resursaguovddáš	vierhtiejarnge
rest	bázahus	beetsuve
rest	reasta	beetsuve
rett	riekti	dåapmoestovle
rett	riekti	reaktoe
rett	riekti	rïekte
rettighet	vuoigatvuohta	reakta
rettledning	bagadeapmi	buerkiestimmie
rettssystem	riektevuogádat	reaktaöörnege
rev	rieban	riepie
rikdom	riggodat	ræjhkoesvoete
rike	riika	rïjhke
riksdag	riikkabeaivi	rïjhkebiejjie
rim	ritni	jyjsege
ring	riekkis	reagka
ringfinger	orbbeš	tjiehtjerenietnie
rirkule	báhkki	fijfere
rissi	rissi	båskoe
rissi	rissi	hïngse
ro	máššu	frïere
rogn	meađđen	mietene
rolla	rolla	rolle
rom	latnja	jalnga
rom	latnja	tjïehtjele
rot	moivi	mujvie
rotte	roahttu	rööhtse
rovdyr	boraspire	juvre
rovdyr	návdi	juvre
runding	jorbodat	gievlie
runebomme	meavrresgárri	gievrie
ruossa	ruossa	kroesse
ruovdemáđii	ruovdemáđii	ruevtieraajroe
rusk	luotni	raate
rusk	ruska	haaskoe
rust	ruosta	roeste
rygg	sealgi	rudtje
rygg	čielgi	rudtje
rykte	beaggin	såaltje
rype	rievssat	rïeksege
rypesnare	rievssatgiella	gaavaldahke
ráhkkanas	ráhkkanas	daevere
ráđđeaddi	ráđđeaddi	raerievedtije
råd	neavva	raerie
råd	ráđđi	raerie
rådyr	vuovderuoigu	råase
råk	suddi	luspie
rør	bohcci	gïrse
røver	rievvár	tjuvrie
røy	goahppil	gåehpele
røye	rávdu	raavre
røyk	suovva	soeve
røykskjerm	bearjjas	bïerjese
røyskatt	buoidda	tjetskie
saft	sákta	aaloe
sag	sahá	saakoe
sagn	cuvccas	vaajese
sak	ášši	aate
saks	skárrit	barta
sal	sále	savka
salme	sálbma	saalme
salmebok	sálbmagirji	saalmegærja
salt	sálti	saelhtie
samarbeid	ovttasbargu	ektiebarkoe
samarbeid	verddevuohta	ektiebarkoe
same	sápmelaš	saemie
same	sápmi	saemie
samekultur	sámekultuvra	saemienkultuvre
sameloven	sámeláhka	saemienlaake
sameskole	sámeskuvla	saemienskåvloe
sametingspresident	sámediggepresideanta	saemiedigkiepresideente
sametingsråd	sámediggeráđđi	saemiedigkieraerie
sametingsvalg	sámediggeválga	saemiedigkieveeljeme
samfunn	servodat	ektievuekie
samfunnsliv	servodateallin	ektievoetejieleme
samisk	sámegiella	saemiengïele
samisk_eventyrfigur	stállu	jeahna
samiskopplæring	sámegieloahppu	saemienööhpehtimmie
samling	čoakkáldat	tjåanghkoe
sammenføyning	oktiibidjan	laavkeme
samtale	ságastallan	gaskestalleme
sand	sáttu	saedtie
sandpapir	sáttobábir	saedtiepaehpere
sandstrand	sáttogáddi	saadteske
sang	lávlla	laavloe
sang	lávlu	laavloe
sangbok	lávllagirji	laavlomegærja
sannhet	duohtavuohta	reaktoe
sau	sávza	sïrve
saus	sevsa	smeele
seavdnjadas	seavdnjadas	jemhkelde
seavdnjadas	seavdnjadas	jemhkele
sei	sáidi	saejrie
sei	sáidi	saejtie
seier	vuoitu	aevhkie
sekk	seahkka	voesse
seksjon	juogus	seksjovne
seksjon	sekšuvdna	seksjovne
sektor	sektor	suerkie
sel	njuorjju	nåervie
sel	njuorju	nåervie
seletøy	leŋge	geasastahkh
seminar	seminára	seminaare
sending	sátta	saadtege
sene	suotna	gåårtenje
seng	seaŋga	seangkoe
sentral	guovddáš	jarnge
september	čakčamánnu	gaekere
sertifikat	vuodjingoarta	vuejemeleahpa
sertifikat	vuodjinkoarta	vuejemeleahpa
seter	geassesadji	sïetere
setning	cealkka	baakoe
setning	cealkka	jiehtege
setning	dajaldat	jiehtege
sevje	máihli	aaloe
sevje	máihli	juvse
side	siidu	baahkoe
sigd	sirpe	tjearone
sik	čuovža	tjoevtje
sikring	doarjja	dåarjoe
sild	sallit	sælta
silke	silki	silhke
silli	silli	tjulhte
simle	áldu	aaltoe
sinn	miella	bïevsterh
sinn	miella	luste
sinn	miella	mïele
sinne	suhttu	måerie
sirup	sierát	sæjrobpe
sivdnideaddji	sivdnideaddji	sjugniedæjja
sjaman	noaidi	nåejtie
sjaman	šamána	nåejtie
sjampo	šámpu	sjampove
sjanse	liiba	baelie
sjanse	liiba	hille
sjel	siellu	sealoe
skade	vahágahttit	skaara
skade	vahát	goerpe
skade	vahát	skaara
skade	váddu	skaara
skadeerstatning	vahátbuhtadus	goerpemaaksoe
skall	garra	gïrre
skam	heahpat	skaamoe
skap	skábe	skåape
skar	gurra	durrie
skare	cuoŋu	gåebleme
skarv	skárfa	skaadtje
skatt	vearru	skaehtie
skatt	árdna	skaehtie
skei	baste	buste
ski	sabet	treavka
skikk	dáhpi	vuekie
skikk	vierru	vuekie
skillegjerde	rátkkagárdi	gïerte
skilsmisse	earráneapmi	juakadimmie
skinn	náhkki	dueljie
skinnfell	roavgu	råavka
skinnhanske	gistta	gamhtse
skinnskrape	jiehkku	nieskemeruevtie
skip	skiipa	skïhpe
skive	vajahas	snaejrie
skjegg	seamu	skaavtjoe
skjell	skálžu	skiblie
skjerf	čeabetliidni	binhte
skjorte	báidi	sjåarhta
skjul	skadjá	hahtjoe
skjær	boađđu	skierie
skjære	skire	skijre
skjærtorsdag	skilleduorastat	skirreduarsta
skjørt	vuolpu	healma
sko	skuovva	gaamege
skog	vuovdi	doekije
skog	vuovdi	skåajje
skog	vuovdi	skåake
skoggrense	orda	bertie
skole	skuvla	skuvle
skolebarn	skuvlamánná	skuvlemaana
skolegang	skuvlavázzin	skovleme
skolenett	skuvlaneahtta	skuvleviermie
skoleår	skuvlajahki	skuvlejaepie
skrape	faskkon	skreepemeruevtie
skred	rihtu	væjroe
skrift	čála	tjaalaldahke
skriftspråk	čállingiella	tjaaleldhgïele
skrifttegn	čálamearka	tjaelemevæhta
skrivebok	čállingirji	tjaelemegærja
skriveprosess	čállinproseassa	tjaeleme
skriving	čállin	tjaalege
skrue	skruva	skruvve
skuespiller	neavttár	dorjehtæjja
skulder	oalgi	åelkie
skulderkappe	luhkka	skopmehke
skum	soarpa	sapte
skumring	veaigi	luejie
skuter	skuhter	skovtere
skuter	skuter	skovtere
skvett	rišša	fæjroe
sky	balva	balve
sky	bolsttar	jievege
skygge	suoivva	skugkie
skyggelue	gaibagahpir	gajpetjohpe
skyss	sáhttu	skovhte
slag	šládja	såarhte
slag	šládja	tjïerte
slaktebil	njuovvanbiila	leekemebïjle
slakter	bievvá	leekedæjja
slakterein	njuovvanboazu	leekemebovtse
slede	reahka	slærra
slekt	sohka	maadtoe
slekt	sohka	slïekte
slektledd	buolva	boelve
slektning	fuolki	laevie
slektninger	fulkkežat	laeviehkadtjh
slim	njivli	njevlie
slire	dohppa	dahpe
slott	šloahtta	slåahte
sludd	šlahtti	sliehtie
slutt	loahppa	gietjie
slutt	loahppa	minngiegietjie
slåttonn	ládju	slåahte
smak	smáhkka	aelmie
smerte	bávččas	haerhpie
smie	bádji	smie
smurning	vuoiddas	bådtja
smuss	duolva	haaskoe
smávvaoapmi	smávvaoapmi	tjåanetje
smålom	gáhkkor	gurhtie
smør	vuodja	buejtie
smør	vuodja	voeje
snegl	riipu	gyhtsele
snekker	snihkkár	snæhkere
snitt	čuohpastat	tsiehkie
snø	muohta	lopme
snøre	oarra	rietjmie
snøskavl	skálvi	gåeblie
snøskuter	muohtaskohter	lopmedoenehke
snøskuter	muohtaskuhter	lopmedoenehke
snøspurv	állat	slïehtehke
sol	beaivváš	biejjie
soldat	soalddát	dåaroenïere
solnedgang	beaivvášluoitádeapmi	biejjievælloe
solskinn	beaivvádat	biejjhguaka
solstråle	beaivesuonjar	biejjielaemtjie
sommer	geassi	giesie
sommerferie	geasseluopmu	giesie-eejehtimmie
sommerjobb	geassebargu	giesiebarkoe
sopp	guoppar	goebpere
sorg	moraš	sårkoe
sot	gožu	gohtje
sovepose	oađđenseahkka	åeremevoesse
spann	spánnja	vuemsie
speil	speajal	guelmiedahke
spene	njižži	njamma
spiker	spiikkár	nuvvie
spill	speallu	spïele
spiller	spiller	daabloehtæjja
spiss	nibba	njamma
spor	luodda	gïeje
språk	giella	gïele
språkarbeid	giellabargu	gïelebarkoe
språkbruk	giellageavaheapmi	gïeleåtnoe
språkkunnskap	giellamáhttu	gïeledaajroe
språkkurs	giellakursa	gïelekuvsje
språkregel	giellanjuolggadus	gïelenjoelkedasse
språkreir	giellabeassi	gïelebiesie
språkråd	giellaráđđi	gïeleraerie
språksenter	giellaguovddáš	gïelejarnge
språksituasjon	gielladilli	gïeletsiehkie
spyd	sáiti	saejhtie
spytt	čolga	tjalke
spæl	bieža	batjka
spøkelse	gobmi	baltastæjja
spørsmål	gažaldat	gyhtjelasse
spørsmål	jearaldat	gyhtjelasse
stabbur	áiti	buvrie
stakkar	riehpu	vaassere
stall	stállja	staellie
stang	stággu	staavra
stasjon	stašuvdna	stasjovne
stat	stáda	staate
stat	stáhta	staate
stav	soabbi	klaahka
stavelse	stávval	tjaalesthtjomhpe
sted	báiki	sijjie
sted	sadji	dåemiedimmie
sted	sadji	posisjovne
sted	sadji	sijjie
stedsnavn	báikenamma	dajvenomme
stein	geađgi	gierkie
steinur	juovva	aarege
stemme	suopman	smaarege
sti	bálggis	baalka
stige	ráidalas	raajtere
stil	stiila	guhkiesboelhke
stjerne	násti	daasta
stol	stuollu	stovle
stor_elv	deatnu	jeanoe
stor_elv	eatnu	jeanoe
storlom	dovtta	duvvehke
storm	stoarbma	bïegke
storm	stoarbma	værtoe
storting	stuorradiggi	stoerredigkie
strand	gáddi	gaedtie
strandsnipe	gáddeviroš	tjïevhtje
strek	sárggis	sïeve
struktur	struktuvra	leahta
struktur	struktuvra	struktuvre
stryk	guoika	gertjie
strøm	rávdnji	straejmie
strømpe	suohkku	guapa
strømpebukse	suohkkobuvssat	guapamåvhka
student	studeanta	studeente
stue	stohpu	ståapa
stue	čohkohallanlatnja	ståapoe
stund	bodda	aejkie
stykke	bihttá	biehkie
stykke	bihttá	leaksoe
stykke	gáhppálat	biehkie
styre	stivra	ståvroe
styrke	givrodat	faamoe
styrke	veahka	faamoe
styrke	veahka	foeve
styrke	vuoibmi	faamoe
størrelse	mahtodat	ståaroe
støtte	caggi	doedtije
støv	gavja	heblie
støvel	stevvel	steeblege
støy	šlápma	dïpme
substantiv	substantiiva	substantijve
suhkki	suhkki	sovkije
sukker	sohkar	dïjnehke
sukkerbit	sohkarbihttá	gåahta
sult	nealgi	nielkie
sund	nuorri	tjåelmie
suppe	málli	joptse
surmelk	bipmi	savra
sus	šuvva	såake
svaberg	šleađđu	spaenjie
svamp	guopparas	noeve
svane	njukča	njoktje
svar	vástádus	vaestiedasse
svelg	čotta	tjovve
svensk	ruoŧagiella	daaroe
svette	bivastat	bïevestahke
svigerdatter	mannji	mænnja
svigerfar	vuohppa	voehpe
svigermor	vuoni	vuanove
svigersønn	vivva	vïjve
sykdom	buozalmasvuohta	fiejlie
sykdom	buozanvuohta	fiejlie
sykdom	dávda	fiejlie
sykebil	buohccebiila	skïemtjebïjle
sykehus	buohcceviessu	skïemtjegåetie
sykepleier	buohccedivššár	skïemtjesåjhtere
syn	oaidnu	vuajnoe
syn	áddejupmi	goerkelimmie
syn	áddejupmi	tsegkie
syn	áddejupmi	vuajnoe
synd	suddu	sådtoe
syregress	juopmu	jåama
system	systema	systeeme
sálla	sálla	savka
såpe	sáibu	såapa
sår	hávvi	saejrie
søknad	ohcamuš	ohtseme
søknad	ohcan	ohtseme
søknadsfrist	ohcanáigemearri	ohtsemebiejjie
søknadsfrist	ohcanáigi	ohtsemebiejjie
sølv	silba	sïlpe
sølvmedalje	silbamedállja	sïlpevæhta
søm	sávdnji	gåarome
søndag	sotnabeaivi	aejlege
søppelkurv	ruskalihtti	sorhpebæhtoe
sør	lulli	åarjel
sørsame	lullisápmelaš	åarjelsaemie
sørsame	lullisápmi	åarjelsaemie
sørsame	máttasápmelaš	åarjelsaemie
sørsame	máttasápmi	åarjelsaemie
sørsamisk	lullisámegiella	åarjelsaemiengïele
sørsamisk	máttasámegiella	åarjelsaemiengïele
søsken	vieljažat	åerpene
søskenbarn	oambeležat	aajkohke
søster	oabbá	åabpa
søvn	nagir	nahkere
tablett	tableahtta	tablehte
tak	dáhkki	rehpie
tak	rohpi	rehpie
takk	giittos	gæjhtoe
takk	giittus	gæjhtoe
takk	giitu	gæjhtoe
tale	sáhka	gaskestalleme
tale	sáhka	håaleme
tall	lohku	låhkoe
tallerken	tallearka	feete
tanke	jurdda	aajmoe
tanke	árvalus	aajmoe
tann	bátni	baenie
tannkrem	bátnegealas	baeniekreeme
tannlege	bátnedoavttir	baeniedåaktere
tantebarn	siessal	moehrele
tavle	távval	taavla
te	deadja	löövje
teater	teáhter	teaatere
teglstein	diila	teegele
tegneserie	govvaráidu	guvvieraajroe
tegning	sárggus	guvvie
tegning	tevnnet	guvvie
teknikk	teknihkka	teknihke
tekst	teaksta	teekste
tekstbehandling	teakstagieđahallan	teekstegïetedalleme
tele	duollu	tjïengele
tele	girsi	tjïengele
telefon	telefovdna	telefovne
telefonnummer	telefonnummar	telefovnenummere
telt	tealtá	gåetie
teltduk	loavdda	låavtege
teltplass	lávostallansadji	gööthsijjie
teltstang	goahtemuorra	deakehke
tema	temá	aamhtese
tempel	tempel	tempele
terminologi	terminologiija	terminologije
terreng	eanadat	eatneme
tettegras	vuodjalasta	sååketjekraesie
tid	áigi	aejkie
tidsfordriv	áigegollu	eejehtimmie
tidsskrift	áigečála	boelhkeplaerie
tilbud	fálaldat	nuepie
tillatelse	lohpi	luhpie
tillegg	lasiheapmi	lissie
tillegg	lassi	lissie
tillegg	lasáhus	lissie
tillitsfull	luohttevaš	tjirkije
tillitsvalgt	luohttámušolmmoš	tjirkije
tilpassing	heiveheapmi	sjïehtedimmie
tiltak	doaibmabidju	råajvarimmie
tiltak	hommá	råajvarimmie
time	diibmu	aavroe
time	diibmu	tsåahka
time	diibmu	tæjma
time	tiibmu	tæjma
ting	bierggas	aate
ting	diggi	aate
ting	diŋga	aate
ting	áhta	aate
tinn	datni	ditnie
tinntråd	datneárpu	ditnie
tirsdag	disdat	dæjsta
tirsdag	maŋŋebárga	dæjsta
tispe	ciiku	råaksoe
tiur	čukčá	tjåktja
tjener	bálvá	tjeanere
tjenestejente	biigá	sjovne
tjuv	suola	soelege
tjære	bihkka	dervie
tobakk	duhpát	dågka
tog	toga	raajroe
tolk	dulka	toelhke
toller	tuollár	tåallere
tommelfinger	bealgi	bealketje
tommelfinger	bealgi	bielkie
topp	giera	veadta
topp	čohkka	gïerhgietjie
topp	čohkka	tjahke
torden	baján	raejrie
tordenvær	bajándálki	raejrienvearelde
torg	márkanšillju	tåarje
torsdag	duorastat	duarsta
torsk	dorski	tåårske
torv	darfi	derhvie
torv	lavdnji	derhvie
torvgamme	lavdnjegoahti	derhviegåetie
tradisjon	árbevierru	tradisjovne
trakt	guovlu	dajve
trakt	guovlu	eatneme
trakt	guovlu	goelpeneståaroe
trakt	guovlu	goevledh 
trakt	guovlu	haerie
traktor	tráktor	traktovre
trane	guorga	goerke
transportør	fievrran	transportööre
trapp	boardda	tråahpe
tre	muorra	moere
tredjedel	goalmmádas	gåalmehts
treffsted	deaivvadanbáiki	gaavnedimmiesijjie
trerot	guottu	roehtse
trestubbe	muorrajalŋŋis	ståamhpe
tretopp	muorragiera	gïerege
trette	riidu	ræjtoe
trette	riidu	tsælloe
trivsel	loakta	murrie
trivsel	čálgu	murrie
tro	osku	jaahkoe
trost	rásttis	traaste
truser	čurtebuvssat	lijhkiemåvhka
trussel	áitta	aajhtoe
trygghet	oadjebasvuohta	tjïrkesvoete
tråd	árpu	laejkie
trøst	jeđđehus	soelkehtimmie
tue	bovdna	belnie
tunge	njuovčča	njoektjeme
tur	tuvra	fealadimmie
tur	vuorru	fealadimmie
tur	vuorru	våaroe
tvare	herkken	dearhka
tvilling	jumeš	juemmie
tvilling	jumeš	jöömmetje
tykkelse	assodat	jassoe
tyngde	deaddu	leavloe
tysker	duiskalaš	tyske
tyttebær	jokŋa	joknge
tyveri	suoládeapmi	sualadimmie
tå	juolgesuorbma	tjiehtjere
tåke	mierká	mearhka
tåre	ganjal	gïknjele
tårn	toardna	tseagkere
tøffel	loabát	slubpie
tømmerstokk	dimbbar	dïmpere
tømmerstokk	hirsa	dïmpere
tønne	dutnar	dåtnoe
tønne	fárppal	dåtnoe
tørrkjøtt	goikebiergu	gejhkiebearkoe
tørrtjern	guorru	jemhkelde
tøyfille	lihpar	raajhpese
ubehagelig_hendelse	válbi	ierielimmie
udyr	beahtu	ovjuvre
uer	vuoskku	sihtege
ugle	skuolfi	jïjse
uhell	bárti	goerpe
uke	vahkku	våhkoe
ukeplan	vahkkoplána	våhkoesoejkesje
ullgenser	ullobáidi	ålloeabpese
ullu	ullu	ålloe
ulv	gumpe	kreeke
underbukse	sisbuvssat	lijhkiemåvhka
underskjorte	sisbáidi	lijhkiesjåarhtoe
undertøy	sisbivttas	lijhkievaarjoe
undervisning	oahpahus	bïhkedimmie
undervisning	oahpahus	ööhpehtimmie
undervisningsloven	oahpahusláhka	ööhpehtimmielaake
ung	nuorra	fijrie
ungdom	nuorravuohta	fijrie
ungdomsskole	nuoraidskuvla	noereskuvle
unge	čivga	maana
universitet	universitehta	universiteete
urbefolkning	álgoálbmot	aalkoeåålmege
urfolk	eamiálbmot	aalkoealmetje
utdanning	skuvlejupmi	ööhpehtimmie
utlandet	olgoriika	ålkoelaante
utmark	meahcci	miehtjie
utmark	meahcci	miehtjiesdajve
uttrykk	dajahus	baakoe
utvikling	ovdáneapmi	evtiedimmie
vadested	suohpa	gaaloe
vadmel	bádja	vaarese
vakt	fákta	guhtsije
vakt	vákta	guhtsije
valg	válga	veeljeme
valg	válgga	veeljeme
valg	válja	veeljeme
vanfør	lámis	laemies
vann	čáhci	tjaetsie
vannrør	čáhcebohcci	tjaetsiegïrse
varde	muvra	vaartoe
vare	gálvu	daevere
vare	gálvu	eeke
variasjon	variašuvdna	variasjovne
varme	báhkka	baahke
vedkubbe	hálgu	ståamhpe
vegg	seaidni	vïedtje
vei	geaidnu	geajnoe
vei	máđidja	geajnoe
vekst	šaddu	muerjie
vekst	šaddu	sjædtoe
velling	jukca	krievnie
venn	skibir	voelpe
venn	ustit	voelpe
verb	vearba	darjomebaakoe
verden	ilbmi	eatneme
verden	máilbmi	eatneme
verden	máilbmi	veartene
verksted	divohat	vierhkiesijjie
verktøy	bargoneavvu	dïrrege
verktøy	neavvu	dïrrege
verktøy	reaidu	dalhketjh
verktøy	reaidu	dïrrege
verktøy	reaidu	viehkievierhtie
vertinne	doalloeamit	gåetieietnie
veske	veasku	veaskoe
vest	oarji	jillie
videregående_skole	joatkkaskuvla	jåarhkeskuvle
vidje	sieđga	båskoe
vilje	áigumuš	aajkoe
vilje	áigumuš	syjhtede
villdyr	spire	vaejsjie
villrein	goddi	gedtie
vin	viidna	bualahtahke
vin	viidna	vijne
vin	viidni	vijne
vind	biegga	bïegke
vindu	glássa	klaase
vinge	soadji	sissie
vinge	soadji	såaja
vinter	dálvi	daelvie
vintersko	dálvegáma	gejhkehke
virkeområde	doaibmaguovlu	vierhkiedajve
virkning	váikkuhus	dïedte
virksomhet	doaibma	darjome
virksomhet	doaibma	gïehtelimmie
virksomhet	doaibma	råajvarimmie
viskelær	sihkkungumme	skubpehke
vokála	vokála	vokaale
vott	fáhcca	vaanhtse
vrede	moarri	måerie
vuoddji	vuoddji	vuejije
vuodjinoahpaheaddji	vuodjinoahpaheaddji	vuejemelohkehtæjja
vuoiggalašvuohta	vuoiggalašvuohta	staeriesvoete
vuolgindássi	vuolgindássi	maadtoe
vuovdaleaddji	vuovdaleaddji	doekije
vuođđoávnnas	vuođđoávnnas	maadthhammoe
vánddardeaddji	vánddardeaddji	vaedtsije
våpen	vearju	vaeknie
vår	giđđa	gïjre
vårvinter	giđđadálvi	gïjredaelvie
vær	dálki	daelhkie
vær	vierca	buehkie
yr	savda	rissie
yrke	fidnu	gïehtelimmie
ytterdør	olgouksa	ålkoeokse
áhpeheapmi	áhpeheapmi	 nåajsan
áigemuddu	áigemuddu	aejkiemierie
áika	áika	haajhke
alter	áltára	aalhtere
nåde	árbmu	aarmoe
ássi	ássi	årroje
áššemeannudeaddji	áššemeannudeaddji	aamhtesegïetedallije
åker	bealdu	åakere
ånd	vuoigŋa	aajmoe
ånd	vuoigŋa	voejkene
år	jahki	jaepie
åre	árran	aajroe
åre	árran	aernie
årsak	sudja	fåantoe
årsmøte	jahkečoahkkin	jaepietjåanghkoe
årstid	jagiáigi	jaepieboelhke
årstid	jahkodat	jaepieboelhke
ære	gudni	earoe
ærend	earán	ierie
ætt	nálli	maadtoe
ætt	nálli	naelie
økonomi	ekonomiija	ekonomije
økonomi	ruhtadilli	ekonomije
øks	ákšu	aaksjoe
økseskaft	ákšonađđa	nïrre
øl	vuola	voelege
øl	vuolla	voelege
ønske	dáhttu	vajtele
øre	beallji	bealjetje
øre	evre	bealjetje
ørn	goaskin	aarhtse
ørret	bodnedápmot	dååpmehke
øse	guksi	guksie
øy	suolu	sååle
øye	čalbmi	tjelmie
øyelokk	čalbmeluopma	loeve
čoakkáhusjahki	čoakkáhusjahki	skuehtiejaepie
čuojaheaddji	čuojaheaddji	daabloehtæjja
čálli	čálli	kontovrebarkije
čálli	čálli	tjaelije
šiehtadalli	šiehtadalli	doekije
šlávvanisson	šlávvanisson	sjovne
dyp	čiekŋalas	vealma

